Date,GSPC,IXIC,DJI,RUT,GDAXI,FTSE,FCHI,HSI,N225,BSESN,BVSP
2024-08-28,5592.18017578125,17556.029296875,41091.421875,2188.639892578125,18782.2890625,8343.900390625,7577.669921875,17692.44921875,38371.76171875,81785.5625,137344.0
2024-08-29,5591.9599609375,17516.4296875,41335.05078125,2202.97998046875,18912.5703125,8379.599609375,7640.9501953125,17786.3203125,38362.53125,82134.609375,136041.0
2024-08-30,5648.39990234375,17713.619140625,41563.078125,2217.6298828125,18906.919921875,8376.599609375,7630.9501953125,17989.0703125,38647.75,82365.7734375,136004.0
2024-09-02,5648.39990234375,17713.619140625,41563.078125,2217.6298828125,18930.849609375,8363.7998046875,7646.419921875,17691.970703125,38700.87109375,82559.84375,134981.0
2024-09-03,5528.93017578125,17136.30078125,40936.9296875,2149.2099609375,18747.109375,8298.5,7575.10009765625,17651.490234375,38686.30859375,82555.4375,134353.0
2024-09-04,5520.06982421875,17084.30078125,40974.96875,2145.219970703125,18591.849609375,8269.599609375,7500.97021484375,17457.33984375,37047.609375,82352.640625,136111.0
2024-09-05,5503.41015625,17127.66015625,40755.75,2132.050048828125,18576.5,8241.7001953125,7431.9599609375,17444.30078125,36657.08984375,82201.15625,136502.0
2024-09-06,5408.419921875,16690.830078125,40345.41015625,2091.409912109375,18301.900390625,8181.5,7352.2998046875,17444.30078125,36391.46875,81183.9296875,134572.0
2024-09-09,5471.0498046875,16884.599609375,40829.58984375,2097.780029296875,18443.560546875,8270.7998046875,7425.259765625,17196.9609375,36215.75,81559.5390625,134737.0
2024-09-10,5495.52001953125,17025.880859375,40736.9609375,2097.43994140625,18265.919921875,8206.0,7407.5498046875,17234.08984375,36159.16015625,81921.2890625,134320.0
2024-09-11,5554.1298828125,17395.529296875,40861.7109375,2103.85009765625,18330.26953125,8193.900390625,7396.830078125,17108.7109375,35619.76953125,81523.15625,134677.0
2024-09-12,5595.759765625,17569.6796875,41096.76953125,2129.429931640625,18518.390625,8241.0,7435.06982421875,17240.390625,36833.26953125,82962.7109375,134029.0
2024-09-13,5626.02001953125,17683.98046875,41393.78125,2182.489990234375,18699.400390625,8273.099609375,7465.25,17369.08984375,36581.76171875,82890.9375,134882.0
2024-09-16,5633.08984375,17592.130859375,41622.078125,2189.169921875,18633.109375,8278.400390625,7449.43994140625,17422.119140625,36581.76171875,82988.78125,135118.0
2024-09-17,5634.580078125,17628.060546875,41606.1796875,2205.47998046875,18726.080078125,8309.900390625,7487.419921875,17660.01953125,36203.21875,83079.65625,134960.0
2024-09-18,5618.259765625,17573.30078125,41503.1015625,2206.340087890625,18711.490234375,8253.7001953125,7444.89990234375,17660.01953125,36380.171875,82948.2265625,133748.0
2024-09-19,5713.64013671875,18013.98046875,42025.19140625,2252.7099609375,19002.380859375,8328.7001953125,7615.41015625,18013.16015625,37155.328125,83184.796875,133123.0
2024-09-20,5702.5498046875,17948.3203125,42063.359375,2227.889892578125,18720.009765625,8230.0,7500.259765625,18258.5703125,37723.91015625,84544.3125,131065.0
2024-09-23,5718.56982421875,17974.26953125,42124.6484375,2220.280029296875,18846.7890625,8259.7001953125,7508.080078125,18247.109375,37723.91015625,84928.609375,130568.0
2024-09-24,5732.93017578125,18074.51953125,42208.21875,2223.989990234375,18996.630859375,8282.7998046875,7604.009765625,19000.560546875,37940.58984375,84914.0390625,132156.0
2024-09-25,5722.259765625,18082.2109375,41914.75,2197.449951171875,18918.5,8268.7001953125,7565.6201171875,19129.099609375,37870.26171875,85169.8671875,131586.0
2024-09-26,5745.3701171875,18190.2890625,42175.109375,2209.8701171875,19238.359375,8284.900390625,7742.08984375,19924.580078125,38925.62890625,85836.1171875,133010.0
2024-09-27,5738.169921875,18119.58984375,42313.0,2224.699951171875,19473.630859375,8320.7998046875,7791.7900390625,20632.30078125,39829.55859375,85571.8515625,132730.0
2024-09-30,5762.47998046875,18189.169921875,42330.1484375,2229.969970703125,19324.9296875,8237.0,7635.75,21133.6796875,37919.55078125,84299.78125,131816.0
2024-10-01,5708.75,17910.359375,42156.96875,2197.030029296875,19213.140625,8276.7001953125,7574.06982421875,21133.6796875,38651.96875,84266.2890625,132495.0
2024-10-02,5709.5400390625,17925.119140625,42196.51953125,2195.010009765625,19164.75,8290.900390625,7577.58984375,22443.73046875,37808.76171875,84266.2890625,133515.0
2024-10-03,5699.93994140625,17918.48046875,42011.58984375,2180.14990234375,19015.41015625,8282.5,7477.77978515625,22113.509765625,38552.05859375,82497.1015625,131672.0
2024-10-04,5751.06982421875,18137.849609375,42352.75,2212.800048828125,19120.9296875,8280.599609375,7541.35986328125,22736.869140625,38635.62109375,81688.453125,131792.0
2024-10-07,5695.93994140625,17923.900390625,41954.23828125,2193.090087890625,19104.099609375,8303.599609375,7576.02001953125,23099.779296875,39332.73828125,81050.0,132018.0
2024-10-08,5751.1298828125,18182.919921875,42080.37109375,2194.97998046875,19066.470703125,8190.60009765625,7521.31982421875,20926.7890625,38937.5390625,81634.8125,131512.0
2024-10-09,5792.0400390625,18291.619140625,42512.0,2200.590087890625,19254.9296875,8243.7001953125,7560.08984375,20637.240234375,39277.9609375,81467.1015625,129962.0
2024-10-10,5780.0498046875,18282.05078125,42454.12109375,2188.419921875,19210.900390625,8237.7001953125,7541.58984375,21251.98046875,39380.890625,81611.40625,130353.0
2024-10-11,5815.02978515625,18342.939453125,42863.859375,2234.409912109375,19373.830078125,8253.7001953125,7577.89013671875,21251.98046875,39605.80078125,81381.359375,129992.0
2024-10-14,5859.85009765625,18502.689453125,43065.21875,2248.639892578125,19508.2890625,8292.7001953125,7602.06005859375,21092.869140625,39605.80078125,81973.046875,131005.0
2024-10-15,5815.259765625,18315.58984375,42740.421875,2249.820068359375,19486.189453125,8249.2998046875,7521.97021484375,20318.7890625,39910.55078125,81820.1171875,131043.0
2024-10-16,5842.47021484375,18367.080078125,43077.69921875,2286.679931640625,19432.810546875,8329.099609375,7492.0,20286.849609375,39180.30078125,81501.359375,131750.0
2024-10-17,5841.47021484375,18373.609375,43239.05078125,2280.85009765625,19583.390625,8385.099609375,7583.72998046875,20079.099609375,38911.19140625,81006.609375,130793.0
2024-10-18,5864.669921875,18489.55078125,43275.91015625,2276.090087890625,19657.369140625,8358.2998046875,7613.0498046875,20804.109375,38981.75,81224.75,130499.0
2024-10-21,5853.97998046875,18540.009765625,42931.6015625,2239.7099609375,19461.189453125,8318.2001953125,7536.22998046875,20478.4609375,38954.6015625,81151.2734375,130362.0
2024-10-22,5851.2001953125,18579.76953125,42924.890625,2231.530029296875,19421.91015625,8306.5,7535.10009765625,20498.94921875,38411.9609375,80220.71875,129721.0
2024-10-23,5797.419921875,18276.650390625,42514.94921875,2213.840087890625,19377.619140625,8258.599609375,7497.47998046875,20760.150390625,38104.859375,80081.9765625,129233.0
2024-10-24,5809.85986328125,18415.490234375,42374.359375,2218.919921875,19443.0,8269.400390625,7503.27978515625,20489.619140625,38143.2890625,80065.15625,130067.0
2024-10-25,5808.1201171875,18518.609375,42114.3984375,2207.989990234375,19463.58984375,8248.7998046875,7497.5400390625,20590.150390625,37913.921875,79402.2890625,129893.0
2024-10-28,5823.52001953125,18567.189453125,42387.5703125,2244.070068359375,19531.619140625,8285.599609375,7556.93994140625,20599.359375,38605.53125,80005.0390625,131213.0
2024-10-29,5832.919921875,18712.75,42233.05078125,2238.090087890625,19478.0703125,8219.599609375,7511.10986328125,20701.140625,38903.6796875,80369.03125,130730.0
2024-10-30,5813.669921875,18607.9296875,42141.5390625,2233.0400390625,19257.33984375,8159.60009765625,7428.35986328125,20380.640625,39277.390625,79942.1796875,130639.0
2024-10-31,5705.4501953125,18095.150390625,41763.4609375,2196.64990234375,19077.5390625,8110.10009765625,7350.3701171875,20317.330078125,39081.25,79389.0625,129713.0
2024-11-01,5728.7998046875,18239.919921875,42052.19140625,2210.1298828125,19254.970703125,8177.2001953125,7409.10986328125,20506.4296875,38053.671875,79724.1171875,128121.0
2024-11-04,5712.68994140625,18179.98046875,41794.6015625,2219.030029296875,19147.849609375,8184.2001953125,7371.7099609375,20567.51953125,38053.671875,78782.2421875,130515.0
2024-11-05,5782.759765625,18439.169921875,42221.87890625,2260.840087890625,19256.26953125,8172.39990234375,7407.14990234375,21006.970703125,38474.8984375,79476.6328125,130661.0
2024-11-06,5929.0400390625,18983.470703125,43729.9296875,2392.919921875,19039.310546875,8166.7001953125,7369.60986328125,20538.380859375,39480.671875,80378.1328125,130341.0
2024-11-07,5973.10009765625,19269.4609375,43729.33984375,2382.68994140625,19362.51953125,8140.7001953125,7425.60009765625,20953.33984375,39381.41015625,79541.7890625,129682.0
2024-11-08,5995.5400390625,19286.779296875,43988.98828125,2399.639892578125,19215.48046875,8072.39990234375,7338.669921875,20728.189453125,39500.37109375,79486.3203125,127830.0
2024-11-11,6001.35009765625,19298.759765625,44293.12890625,2434.97998046875,19448.599609375,8125.2001953125,7426.8798828125,20426.9296875,39533.3203125,79496.1484375,127874.0
2024-11-12,5983.990234375,19281.400390625,43910.98046875,2391.85009765625,19033.640625,8025.7998046875,7226.97998046875,19846.880859375,39376.08984375,78675.1796875,127698.0
2024-11-13,5985.3798828125,19230.720703125,43958.19140625,2369.3701171875,19003.109375,8030.2998046875,7216.830078125,19823.44921875,38721.66015625,77690.953125,127734.0
2024-11-14,5949.169921875,19107.650390625,43750.859375,2336.93994140625,19263.69921875,8071.2001953125,7311.7998046875,19435.810546875,38535.69921875,77580.3125,127792.0
2024-11-15,5870.6201171875,18680.119140625,43444.98828125,2303.840087890625,19210.810546875,8063.60009765625,7269.6298828125,19426.33984375,38642.91015625,77580.3125,127792.0
2024-11-18,5893.6201171875,18791.810546875,43389.6015625,2306.340087890625,19189.189453125,8109.2998046875,7278.22998046875,19576.609375,38220.8515625,77339.0078125,127768.0
2024-11-19,5916.97998046875,18987.470703125,43268.94140625,2324.830078125,19060.310546875,8099.0,7229.64013671875,19663.669921875,38414.4296875,77578.3828125,128197.0
2024-11-20,5917.10986328125,18966.140625,43408.46875,2325.530029296875,19004.779296875,8085.10009765625,7198.4501953125,19705.009765625,38352.33984375,77578.3828125,128197.0
2024-11-21,5948.7099609375,18972.419921875,43870.3515625,2364.02001953125,19146.169921875,8149.2998046875,7213.31982421875,19601.109375,38026.171875,77155.7890625,126922.0
2024-11-22,5969.33984375,19003.650390625,44296.51171875,2406.669921875,19322.58984375,8262.099609375,7255.009765625,19229.970703125,38283.8515625,79117.109375,129126.0
2024-11-25,5987.3701171875,19054.83984375,44736.5703125,2442.030029296875,19405.19921875,8291.7001953125,7257.47021484375,19150.990234375,38780.140625,80109.8515625,129036.0
2024-11-26,6021.6298828125,19174.30078125,44860.30859375,2424.31005859375,19295.98046875,8258.599609375,7194.509765625,19159.19921875,38442.0,80004.0625,129922.0
2024-11-27,5998.740234375,19060.48046875,44722.05859375,2426.18994140625,19261.75,8274.7998046875,7143.02978515625,19603.130859375,38134.96875,80234.078125,127669.0
2024-11-28,5998.740234375,19060.48046875,44722.05859375,2426.18994140625,19425.73046875,8281.2001953125,7179.25,19366.9609375,38349.05859375,79043.7421875,124610.0
2024-11-29,6032.3798828125,19218.169921875,44910.6484375,2434.72998046875,19626.44921875,8287.2998046875,7235.10986328125,19423.609375,38208.03125,79802.7890625,125668.0
2024-12-02,6047.14990234375,19403.94921875,44782.0,2434.139892578125,19933.619140625,8312.900390625,7236.89013671875,19550.2890625,38513.01953125,80248.078125,125236.0
2024-12-03,6049.8798828125,19480.91015625,44705.53125,2416.35009765625,20016.75,8359.400390625,7255.419921875,19746.3203125,39248.859375,80845.75,126139.0
2024-12-04,6086.490234375,19735.119140625,45014.0390625,2426.56005859375,20232.140625,8335.7998046875,7303.27978515625,19742.4609375,39276.390625,80956.328125,126087.0
2024-12-05,6075.10986328125,19700.259765625,44765.7109375,2396.169921875,20358.80078125,8349.400390625,7330.5400390625,19560.439453125,39395.6015625,81765.859375,127858.0
2024-12-06,6090.27001953125,19859.76953125,44642.51953125,2408.989990234375,20384.609375,8308.599609375,7426.8798828125,19865.849609375,39091.171875,81709.1171875,125946.0
2024-12-09,6052.85009765625,19736.689453125,44401.9296875,2392.840087890625,20345.9609375,8352.099609375,7480.14013671875,20414.08984375,39160.5,81508.4609375,127210.0
2024-12-10,6034.91015625,19687.240234375,44247.828125,2382.77001953125,20329.16015625,8280.400390625,7394.77978515625,20311.279296875,39367.578125,81510.046875,128228.0
2024-12-11,6084.18994140625,20034.890625,44148.55859375,2394.159912109375,20399.16015625,8301.599609375,7423.39990234375,20155.05078125,39372.23046875,81526.140625,129593.0
2024-12-12,6051.25,19902.83984375,43914.12109375,2361.080078125,20426.26953125,8311.7998046875,7420.93994140625,20397.05078125,39849.140625,81289.9609375,126042.0
2024-12-13,6051.08984375,19926.720703125,43828.05859375,2346.89990234375,20405.919921875,8300.2998046875,7409.56982421875,19971.240234375,39470.44140625,82133.1171875,124612.0
2024-12-16,6074.080078125,20173.890625,43717.48046875,2361.989990234375,20313.810546875,8262.099609375,7357.080078125,19795.490234375,39457.48828125,81748.5703125,123560.0
2024-12-17,6050.60986328125,20109.060546875,43449.8984375,2334.080078125,20246.369140625,8195.2001953125,7365.7001953125,19700.48046875,39364.6796875,80684.453125,124698.0
2024-12-18,5872.16015625,19392.689453125,42326.87109375,2231.510009765625,20242.5703125,8199.099609375,7384.6201171875,19864.55078125,39081.7109375,80182.203125,120772.0
2024-12-19,5867.080078125,19372.76953125,42342.23828125,2221.5,19969.859375,8105.2998046875,7294.3701171875,19752.509765625,38813.578125,79218.046875,121188.0
2024-12-20,5930.85009765625,19572.599609375,42840.26171875,2242.3701171875,19884.75,8084.60009765625,7274.47998046875,19720.69921875,38701.8984375,78041.59375,122102.0
2024-12-23,5974.06982421875,19764.880859375,42906.94921875,2237.43994140625,19848.76953125,8102.7001953125,7272.31982421875,19883.130859375,39161.33984375,78540.171875,120767.0
2024-12-24,6040.0400390625,20031.130859375,43297.03125,2259.85009765625,19848.76953125,8137.0,7282.68994140625,20098.2890625,39036.8515625,78472.8671875,120767.0
2024-12-25,6040.0400390625,20031.130859375,43297.03125,2259.85009765625,19848.76953125,8137.0,7282.68994140625,20098.2890625,39130.4296875,78472.8671875,120767.0
2024-12-26,6037.58984375,20020.359375,43325.80078125,2280.18994140625,19848.76953125,8137.0,7282.68994140625,20098.2890625,39568.05859375,78472.4765625,121078.0
2024-12-27,5970.83984375,19722.029296875,42992.2109375,2244.590087890625,19984.3203125,8149.7998046875,7355.3701171875,20090.4609375,40281.16015625,78699.0703125,120269.0
2024-12-30,5906.93994140625,19486.7890625,42573.73046875,2227.780029296875,19909.140625,8121.0,7313.56005859375,20041.419921875,39894.5390625,78248.1328125,120283.0
2024-12-31,5881.6298828125,19310.7890625,42544.21875,2230.159912109375,19909.140625,8173.0,7380.740234375,20059.94921875,39894.5390625,78139.0078125,120283.0
2025-01-01,5881.6298828125,19310.7890625,42544.21875,2230.159912109375,19909.140625,8173.0,7380.740234375,20059.94921875,39894.5390625,78507.40625,120283.0
2025-01-02,5868.5498046875,19280.7890625,42392.26953125,2231.669921875,20024.66015625,8260.099609375,7393.759765625,19623.3203125,39894.5390625,79943.7109375,120125.0
2025-01-03,5942.47021484375,19621.6796875,42732.12890625,2268.469970703125,19906.080078125,8224.0,7282.22021484375,19760.26953125,39894.5390625,79223.109375,118533.0
2025-01-06,5975.3798828125,19864.98046875,42706.55859375,2266.64990234375,20216.189453125,8249.7001953125,7445.68994140625,19688.2890625,39307.05078125,77964.9921875,120022.0
2025-01-07,5909.02978515625,19489.6796875,42528.359375,2249.800048828125,20340.5703125,8245.2998046875,7489.35009765625,19447.580078125,40083.30078125,78199.109375,121163.0
2025-01-08,5918.25,19478.880859375,42635.19921875,2238.9599609375,20329.939453125,8251.0,7452.419921875,19279.83984375,39981.05859375,78148.4921875,119625.0
2025-01-09,5918.25,19478.880859375,42635.19921875,2238.9599609375,20317.099609375,8319.7001953125,7490.27978515625,19240.890625,39605.08984375,77620.2109375,119781.0
2025-01-10,5827.0400390625,19161.630859375,41938.44921875,2189.22998046875,20214.7890625,8248.5,7431.0400390625,19064.2890625,39190.3984375,77378.90625,118856.0
2025-01-13,5836.22021484375,19088.099609375,42297.12109375,2194.39990234375,20132.849609375,8224.2001953125,7408.64013671875,18874.140625,39190.3984375,76330.0078125,119007.0
2025-01-14,5842.91015625,19044.390625,42518.28125,2219.239990234375,20271.330078125,8201.5,7423.669921875,19219.779296875,38474.30078125,76499.6328125,119299.0
2025-01-15,5949.91015625,19511.23046875,43221.55078125,2263.2900390625,20574.6796875,8301.099609375,7474.58984375,19286.0703125,38444.578125,76724.078125,122650.0
2025-01-16,5937.33984375,19338.2890625,43153.12890625,2266.7900390625,20655.390625,8391.900390625,7634.740234375,19522.890625,38572.6015625,77042.8203125,121234.0
2025-01-17,5996.66015625,19630.19921875,43487.828125,2275.8798828125,20903.390625,8505.2001953125,7709.75,19584.060546875,38451.4609375,76619.328125,122350.0
2025-01-20,5996.66015625,19630.19921875,43487.828125,2275.8798828125,20990.310546875,8520.5,7733.5,19925.810546875,38902.5,77073.4375,122543.0
2025-01-21,6049.240234375,19756.779296875,44025.80859375,2317.969970703125,21042.0,8548.2998046875,7770.9501953125,20106.55078125,39027.98046875,75838.359375,123338.0
2025-01-22,6086.3701171875,20009.33984375,44156.73046875,2303.719970703125,21254.26953125,8545.099609375,7837.39990234375,19778.76953125,39646.25,76404.9921875,122972.0
2025-01-23,6118.7099609375,20053.6796875,44565.0703125,2314.60009765625,21411.529296875,8565.2001953125,7892.60986328125,19700.560546875,39958.87109375,76520.3828125,122483.0
2025-01-24,6101.240234375,19954.30078125,44424.25,2307.739990234375,21394.9296875,8502.400390625,7927.6201171875,20066.189453125,39931.98046875,76190.4609375,122447.0
2025-01-27,6012.27978515625,19341.830078125,44713.578125,2284.02001953125,21282.1796875,8503.7001953125,7906.580078125,20197.76953125,39565.80078125,75366.171875,124862.0
2025-01-28,6067.7001953125,19733.58984375,44850.3515625,2288.860107421875,21430.580078125,8533.900390625,7897.3701171875,20225.109375,39016.87109375,75901.40625,124056.0
2025-01-29,6039.31005859375,19632.3203125,44713.51953125,2283.10009765625,21637.529296875,8557.7998046875,7872.47998046875,20225.109375,39414.78125,76532.9609375,123432.0
2025-01-30,6071.169921875,19681.75,44882.12890625,2307.449951171875,21727.19921875,8646.900390625,7941.64013671875,20225.109375,39513.96875,76759.8125,126913.0
2025-01-31,6040.52978515625,19627.439453125,44544.66015625,2287.68994140625,21732.05078125,8674.0,7950.169921875,20225.109375,39572.48828125,77500.5703125,126135.0
2025-02-03,5994.56982421875,19391.9609375,44421.91015625,2258.419921875,21428.240234375,8583.599609375,7854.919921875,20217.259765625,38520.08984375,77186.7421875,125970.0
2025-02-04,6037.8798828125,19654.01953125,44556.0390625,2290.2099609375,21505.69921875,8570.7998046875,7906.39990234375,20789.9609375,38798.37109375,78583.8125,125147.0
2025-02-05,6061.47998046875,19692.330078125,44873.28125,2316.22998046875,21585.9296875,8623.2998046875,7891.68017578125,20597.08984375,38831.48046875,78271.28125,125534.0
2025-02-06,6083.56982421875,19791.990234375,44747.62890625,2307.1201171875,21902.419921875,8727.2998046875,8007.6201171875,20891.619140625,39066.53125,78058.15625,126225.0
2025-02-07,6025.990234375,19523.400390625,44303.3984375,2279.7099609375,21787.0,8700.5,7973.02978515625,21133.5390625,38787.01953125,77860.1875,124619.0
2025-02-10,6066.43994140625,19714.26953125,44470.41015625,2287.93994140625,21911.740234375,8767.7998046875,8006.22021484375,21521.98046875,38801.171875,77311.796875,125572.0
2025-02-11,6068.5,19643.859375,44593.6484375,2275.699951171875,22037.830078125,8777.400390625,8028.89990234375,21294.859375,38801.171875,76293.6015625,126522.0
2025-02-12,6051.97021484375,19649.94921875,44368.55859375,2255.889892578125,22148.029296875,8807.400390625,8042.18994140625,21857.919921875,38963.69921875,76171.078125,124380.0
2025-02-13,6115.06982421875,19945.640625,44711.4296875,2282.179931640625,22612.01953125,8764.7001953125,8164.10986328125,21814.369140625,39461.46875,76138.96875,124850.0
2025-02-14,6114.6298828125,20026.76953125,44546.078125,2279.97998046875,22513.419921875,8732.5,8178.5400390625,22620.330078125,39149.4296875,75939.2109375,128219.0
2025-02-17,6114.6298828125,20026.76953125,44546.078125,2279.97998046875,22798.08984375,8768.0,8189.1298828125,22616.23046875,39174.25,75996.859375,128869.0
2025-02-18,6129.580078125,20041.259765625,44556.33984375,2290.35009765625,22844.5,8766.7001953125,8206.5595703125,22976.810546875,39270.3984375,75967.390625,128532.0
2025-02-19,6144.14990234375,20056.25,44627.58984375,2282.4599609375,22433.630859375,8712.5,8110.5400390625,22944.240234375,39164.609375,75939.1796875,127309.0
2025-02-20,6117.52001953125,19962.359375,44176.6484375,2261.739990234375,22314.650390625,8663.0,8122.580078125,22576.98046875,38678.0390625,75735.9609375,127601.0
2025-02-21,6013.1298828125,19524.009765625,43428.01953125,2195.35009765625,22287.560546875,8659.400390625,8154.509765625,23477.919921875,38776.94140625,75311.0625,127128.0
